district_name,race/ethnicity,total_student_count,participation_rate,total,evidence_based_reading_writing,math
MAPLETON 1,Hispanic,397.0,92.9,880.0,448.0,431.0
MAPLETON 1,White,254.0,74.4,969.0,503.0,466.0
MAPLETON 1,Two or More Races,47.0,76.6,974.0,506.0,468.0
ADAMS 12 FIVE STAR SCHOOLS,American Indian or Alaska Native,20.0,90.0,854.0,432.0,423.0
ADAMS 12 FIVE STAR SCHOOLS,Asian,192.0,97.4,1059.0,522.0,537.0
ADAMS 12 FIVE STAR SCHOOLS,Black,56.0,94.6,965.0,487.0,479.0
ADAMS 12 FIVE STAR SCHOOLS,Hispanic,1272.0,88.1,880.0,443.0,437.0
ADAMS 12 FIVE STAR SCHOOLS,White,1394.0,94.8,1050.0,527.0,523.0
ADAMS 12 FIVE STAR SCHOOLS,Two or More Races,35.0,85.7,1014.0,511.0,503.0
ADAMS COUNTY 14,Hispanic,375.0,93.6,832.0,426.0,406.0
ADAMS COUNTY 14,White,35.0,77.1,849.0,448.0,401.0
SCHOOL DISTRICT 27J,Asian,39.0,100.0,1008.0,497.0,511.0
SCHOOL DISTRICT 27J,Black,22.0,100.0,924.0,471.0,452.0
SCHOOL DISTRICT 27J,Hispanic,513.0,93.6,894.0,453.0,441.0
SCHOOL DISTRICT 27J,White,515.0,93.0,978.0,493.0,485.0
SCHOOL DISTRICT 27J,Two or More Races,37.0,89.2,880.0,443.0,437.0
BENNETT 29J,Hispanic,31.0,93.5,900.0,459.0,442.0
BENNETT 29J,White,66.0,98.5,962.0,495.0,468.0
STRASBURG 31J,White,73.0,91.8,986.0,500.0,485.0
WESTMINSTER PUBLIC SCHOOLS,Asian,25.0,92.0,983.0,482.0,501.0
WESTMINSTER PUBLIC SCHOOLS,Hispanic,443.0,96.8,845.0,430.0,416.0
WESTMINSTER PUBLIC SCHOOLS,White,88.0,96.6,896.0,463.0,434.0
ALAMOSA RE-11J,Hispanic,95.0,93.7,884.0,448.0,436.0
ALAMOSA RE-11J,White,43.0,95.3,1057.0,534.0,522.0
ENGLEWOOD 1,Hispanic,89.0,86.5,879.0,449.0,430.0
ENGLEWOOD 1,White,118.0,78.8,985.0,506.0,479.0
SHERIDAN 2,Hispanic,83.0,98.8,840.0,425.0,415.0
CHERRY CREEK 5,Asian,389.0,96.4,1164.0,565.0,599.0
CHERRY CREEK 5,Black,498.0,91.6,943.0,473.0,470.0
CHERRY CREEK 5,Hispanic,861.0,88.7,978.0,489.0,489.0
CHERRY CREEK 5,White,2148.0,90.2,1112.0,555.0,557.0
CHERRY CREEK 5,Two or More Races,229.0,92.1,1051.0,532.0,520.0
LITTLETON 6,Asian,38.0,89.5,1121.0,548.0,574.0
LITTLETON 6,Black,18.0,88.9,897.0,451.0,446.0
LITTLETON 6,Hispanic,193.0,90.2,1004.0,505.0,499.0
LITTLETON 6,White,895.0,95.0,1110.0,557.0,553.0
LITTLETON 6,Two or More Races,46.0,95.7,1116.0,555.0,561.0
ADAMS-ARAPAHOE 28J,Asian,131.0,97.7,910.0,445.0,465.0
ADAMS-ARAPAHOE 28J,Black,452.0,94.7,860.0,431.0,429.0
ADAMS-ARAPAHOE 28J,Hispanic,1315.0,92.5,852.0,427.0,425.0
ADAMS-ARAPAHOE 28J,White,311.0,94.2,988.0,493.0,494.0
ADAMS-ARAPAHOE 28J,Two or More Races,98.0,85.7,942.0,476.0,466.0
BYERS 32J,Hispanic,32.0,50.0,886.0,460.0,426.0
BYERS 32J,White,124.0,33.9,944.0,481.0,463.0
ARCHULETA COUNTY 50 JT,Hispanic,21.0,100.0,861.0,437.0,425.0
ARCHULETA COUNTY 50 JT,White,65.0,90.8,1026.0,532.0,494.0
LAS ANIMAS RE-1,Hispanic,267.0,59.2,777.0,406.0,371.0
LAS ANIMAS RE-1,White,117.0,74.4,817.0,417.0,400.0
MC CLAVE RE-2,White,20.0,90.0,903.0,457.0,447.0
ST VRAIN VALLEY RE 1J,Asian,88.0,95.5,1102.0,549.0,553.0
ST VRAIN VALLEY RE 1J,Black,20.0,95.0,955.0,484.0,471.0
ST VRAIN VALLEY RE 1J,Hispanic,644.0,97.7,877.0,447.0,430.0
ST VRAIN VALLEY RE 1J,White,1436.0,96.2,1071.0,543.0,527.0
ST VRAIN VALLEY RE 1J,Two or More Races,34.0,97.1,1115.0,555.0,560.0
BOULDER VALLEY RE 2,Asian,172.0,89.5,1224.0,596.0,629.0
BOULDER VALLEY RE 2,Black,23.0,78.3,986.0,504.0,482.0
BOULDER VALLEY RE 2,Hispanic,447.0,88.4,948.0,477.0,472.0
BOULDER VALLEY RE 2,White,1703.0,88.3,1170.0,586.0,584.0
BOULDER VALLEY RE 2,Two or More Races,126.0,89.7,1177.0,589.0,588.0
BUENA VISTA R-31,White,58.0,94.8,1046.0,525.0,521.0
SALIDA R-32,White,71.0,98.6,1038.0,528.0,510.0
CLEAR CREEK RE-1,White,38.0,97.4,969.0,508.0,461.0
NORTH CONEJOS RE-1J,Hispanic,39.0,89.7,938.0,459.0,479.0
SANFORD 6J,White,21.0,100.0,1049.0,533.0,516.0
CROWLEY COUNTY RE-1-J,White,16.0,100.0,916.0,464.0,452.0
CUSTER COUNTY SCHOOL DISTRICT C-1,White,27.0,100.0,983.0,497.0,486.0
DELTA COUNTY 50(J),Hispanic,55.0,96.4,897.0,454.0,443.0
DELTA COUNTY 50(J),White,249.0,96.8,972.0,497.0,475.0
DENVER COUNTY 1,American Indian or Alaska Native,52.0,96.2,860.0,436.0,425.0
DENVER COUNTY 1,Asian,184.0,97.3,1071.0,522.0,549.0
DENVER COUNTY 1,Black,717.0,93.4,890.0,450.0,440.0
DENVER COUNTY 1,Hispanic,2966.0,95.3,906.0,452.0,454.0
DENVER COUNTY 1,White,1197.0,93.3,1143.0,579.0,564.0
DENVER COUNTY 1,Hawaiian/Pacific Islander,17.0,94.1,907.0,466.0,441.0
DENVER COUNTY 1,Two or More Races,201.0,94.5,1067.0,543.0,524.0
DOUGLAS COUNTY RE 1,Asian,230.0,95.7,1200.0,587.0,613.0
DOUGLAS COUNTY RE 1,Black,51.0,88.2,940.0,478.0,461.0
DOUGLAS COUNTY RE 1,Hispanic,665.0,94.6,992.0,500.0,492.0
DOUGLAS COUNTY RE 1,White,3593.0,94.9,1095.0,550.0,545.0
DOUGLAS COUNTY RE 1,Two or More Races,236.0,93.6,1094.0,550.0,544.0
EAGLE COUNTY RE 50,Hispanic,249.0,92.4,876.0,443.0,432.0
EAGLE COUNTY RE 50,White,250.0,94.4,1070.0,544.0,526.0
EAGLE COUNTY RE 50,Two or More Races,17.0,100.0,1016.0,515.0,501.0
ELIZABETH SCHOOL DISTRICT,White,170.0,87.1,998.0,506.0,492.0
BIG SANDY 100J,White,19.0,94.7,1024.0,505.0,519.0
CALHAN RJ-1,White,26.0,96.2,910.0,465.0,445.0
HARRISON 2,Asian,20.0,100.0,1063.0,540.0,523.0
HARRISON 2,Black,121.0,95.9,879.0,452.0,427.0
HARRISON 2,Hispanic,322.0,94.7,934.0,474.0,460.0
HARRISON 2,White,112.0,94.6,982.0,504.0,478.0
HARRISON 2,Two or More Races,30.0,93.3,916.0,474.0,442.0
WIDEFIELD 3,Black,74.0,100.0,920.0,471.0,449.0
WIDEFIELD 3,Hispanic,183.0,95.6,905.0,458.0,447.0
WIDEFIELD 3,White,288.0,96.2,979.0,498.0,481.0
WIDEFIELD 3,Two or More Races,64.0,96.9,916.0,465.0,451.0
FOUNTAIN 8,Black,64.0,93.8,949.0,482.0,468.0
FOUNTAIN 8,Hispanic,115.0,98.3,949.0,485.0,464.0
FOUNTAIN 8,White,209.0,98.6,1013.0,514.0,499.0
FOUNTAIN 8,Two or More Races,46.0,97.8,944.0,486.0,458.0
COLORADO SPRINGS 11,Asian,37.0,97.3,995.0,488.0,506.0
COLORADO SPRINGS 11,Black,130.0,92.3,873.0,448.0,425.0
COLORADO SPRINGS 11,Hispanic,591.0,89.5,898.0,455.0,442.0
COLORADO SPRINGS 11,White,837.0,92.7,991.0,504.0,487.0
COLORADO SPRINGS 11,Two or More Races,145.0,91.7,932.0,474.0,458.0
CHEYENNE MOUNTAIN 12,Hispanic,52.0,98.1,1113.0,560.0,553.0
CHEYENNE MOUNTAIN 12,White,265.0,98.5,1161.0,579.0,583.0
CHEYENNE MOUNTAIN 12,Two or More Races,19.0,100.0,1173.0,585.0,588.0
MANITOU SPRINGS 14,White,101.0,94.1,1074.0,549.0,525.0
ACADEMY 20,Asian,96.0,100.0,1160.0,570.0,590.0
ACADEMY 20,Black,85.0,98.8,941.0,482.0,459.0
ACADEMY 20,Hispanic,285.0,94.4,1012.0,514.0,498.0
ACADEMY 20,White,1460.0,95.7,1095.0,554.0,541.0
ACADEMY 20,Two or More Races,130.0,98.5,1107.0,561.0,546.0
ELLICOTT 22,Hispanic,21.0,100.0,887.0,440.0,447.0
ELLICOTT 22,White,36.0,97.2,957.0,480.0,477.0
PEYTON 23 JT,White,54.0,100.0,1009.0,517.0,492.0
LEWIS-PALMER 38,Asian,17.0,100.0,1146.0,578.0,568.0
LEWIS-PALMER 38,Hispanic,56.0,89.3,1064.0,529.0,535.0
LEWIS-PALMER 38,White,454.0,93.2,1125.0,564.0,561.0
DISTRICT 49,American Indian or Alaska Native,25.0,84.0,882.0,466.0,417.0
DISTRICT 49,Asian,48.0,97.9,1039.0,517.0,521.0
DISTRICT 49,Black,107.0,86.0,908.0,470.0,438.0
DISTRICT 49,Hispanic,650.0,83.4,857.0,443.0,414.0
DISTRICT 49,White,960.0,88.5,937.0,484.0,453.0
DISTRICT 49,Two or More Races,108.0,91.7,933.0,486.0,447.0
EDISON 54 JT,White,30.0,73.3,1098.0,559.0,539.0
CANON CITY RE-1,Hispanic,31.0,96.8,925.0,462.0,463.0
CANON CITY RE-1,White,180.0,96.7,933.0,480.0,452.0
FREMONT RE-2,White,65.0,93.8,902.0,463.0,439.0
COTOPAXI RE-3,White,19.0,100.0,982.0,489.0,493.0
ROARING FORK RE-1,Hispanic,228.0,89.5,903.0,449.0,455.0
ROARING FORK RE-1,White,179.0,98.3,1130.0,561.0,569.0
GARFIELD RE-2,Hispanic,167.0,99.4,901.0,450.0,451.0
GARFIELD RE-2,White,135.0,97.8,1014.0,509.0,505.0
GARFIELD 16,Hispanic,29.0,100.0,871.0,438.0,433.0
GARFIELD 16,White,56.0,100.0,944.0,474.0,470.0
GILPIN COUNTY RE-1,White,30.0,93.3,1015.0,523.0,493.0
WEST GRAND 1-JT,White,26.0,80.8,921.0,480.0,441.0
EAST GRAND 2,White,75.0,97.3,1068.0,540.0,528.0
GUNNISON WATERSHED RE1J,Hispanic,19.0,100.0,903.0,454.0,449.0
GUNNISON WATERSHED RE1J,White,140.0,97.9,1043.0,527.0,516.0
JEFFERSON COUNTY R-1,American Indian or Alaska Native,18.0,88.9,951.0,483.0,468.0
JEFFERSON COUNTY R-1,Asian,231.0,99.1,1108.0,539.0,569.0
JEFFERSON COUNTY R-1,Black,69.0,91.3,888.0,456.0,432.0
JEFFERSON COUNTY R-1,Hispanic,1455.0,91.8,946.0,476.0,470.0
JEFFERSON COUNTY R-1,White,3916.0,95.2,1085.0,545.0,540.0
JEFFERSON COUNTY R-1,Two or More Races,199.0,92.0,1063.0,533.0,530.0
BURLINGTON RE-6J,Hispanic,24.0,95.8,856.0,450.0,406.0
BURLINGTON RE-6J,White,16.0,100.0,821.0,413.0,408.0
LAKE COUNTY R-1,Hispanic,49.0,83.7,855.0,429.0,427.0
LAKE COUNTY R-1,White,30.0,83.3,1027.0,515.0,512.0
DURANGO 9-R,Hispanic,46.0,91.3,986.0,507.0,479.0
DURANGO 9-R,White,266.0,91.0,1046.0,534.0,511.0
BAYFIELD 10 JT-R,White,47.0,95.7,1059.0,537.0,521.0
IGNACIO 11 JT,American Indian or Alaska Native,20.0,95.0,830.0,427.0,403.0
IGNACIO 11 JT,Hispanic,16.0,100.0,878.0,457.0,421.0
IGNACIO 11 JT,White,17.0,94.1,873.0,433.0,440.0
POUDRE R-1,Asian,76.0,96.1,1240.0,608.0,632.0
POUDRE R-1,Black,29.0,93.1,989.0,505.0,483.0
POUDRE R-1,Hispanic,330.0,88.8,944.0,474.0,469.0
POUDRE R-1,White,1457.0,92.6,1110.0,558.0,552.0
POUDRE R-1,Two or More Races,77.0,88.3,1075.0,536.0,539.0
THOMPSON R2-J,Black,22.0,81.8,896.0,461.0,435.0
THOMPSON R2-J,Hispanic,223.0,89.2,908.0,466.0,442.0
THOMPSON R2-J,White,845.0,91.8,1029.0,528.0,500.0
THOMPSON R2-J,Two or More Races,30.0,90.0,1011.0,507.0,504.0
ESTES PARK R-3,White,46.0,93.5,1037.0,531.0,505.0
TRINIDAD 1,Hispanic,39.0,97.4,911.0,480.0,431.0
BRANSON REORGANIZED 82,White,32.0,62.5,989.0,499.0,490.0
LIMON RE-4J,White,20.0,100.0,1072.0,561.0,511.0
VALLEY RE-1,Hispanic,25.0,100.0,960.0,479.0,481.0
VALLEY RE-1,White,92.0,96.7,962.0,480.0,482.0
PLATEAU VALLEY 50,White,48.0,100.0,899.0,470.0,429.0
MESA COUNTY VALLEY 51,Asian,21.0,85.7,1030.0,481.0,549.0
MESA COUNTY VALLEY 51,Hispanic,331.0,92.7,905.0,458.0,447.0
MESA COUNTY VALLEY 51,White,1091.0,91.2,993.0,503.0,490.0
MESA COUNTY VALLEY 51,Two or More Races,49.0,93.9,939.0,483.0,455.0
MOFFAT COUNTY RE:NO 1,Hispanic,28.0,89.3,816.0,420.0,396.0
MOFFAT COUNTY RE:NO 1,White,85.0,88.2,925.0,472.0,453.0
MONTEZUMA-CORTEZ RE-1,American Indian or Alaska Native,36.0,77.8,808.0,415.0,393.0
MONTEZUMA-CORTEZ RE-1,Hispanic,35.0,97.1,898.0,456.0,442.0
MONTEZUMA-CORTEZ RE-1,White,104.0,98.1,965.0,494.0,471.0
DOLORES RE-4A,White,24.0,95.8,944.0,485.0,460.0
MANCOS RE-6,White,26.0,100.0,992.0,510.0,482.0
MONTROSE COUNTY RE-1J,Hispanic,163.0,94.5,893.0,450.0,443.0
MONTROSE COUNTY RE-1J,White,269.0,91.4,983.0,500.0,483.0
BRUSH RE-2(J),Hispanic,47.0,100.0,871.0,435.0,436.0
BRUSH RE-2(J),White,57.0,96.5,978.0,491.0,487.0
FORT MORGAN RE-3,Hispanic,121.0,95.0,840.0,426.0,414.0
FORT MORGAN RE-3,White,76.0,100.0,982.0,495.0,487.0
WIGGINS RE-50(J),White,23.0,95.7,947.0,485.0,462.0
EAST OTERO R-1,Hispanic,58.0,100.0,867.0,443.0,423.0
EAST OTERO R-1,White,33.0,97.0,945.0,478.0,468.0
ROCKY FORD R-2,Hispanic,36.0,100.0,902.0,472.0,430.0
RIDGWAY R-2,White,24.0,95.8,1081.0,558.0,523.0
PLATTE CANYON 1,White,46.0,100.0,1068.0,548.0,519.0
PARK COUNTY RE-2,White,19.0,89.5,921.0,456.0,465.0
HOLYOKE RE-1J,White,22.0,90.9,1036.0,530.0,506.0
ASPEN 1,White,122.0,84.4,1105.0,550.0,556.0
LAMAR RE-2,Hispanic,53.0,96.2,898.0,452.0,445.0
PUEBLO CITY 60,Black,21.0,95.2,906.0,474.0,432.0
PUEBLO CITY 60,Hispanic,631.0,92.4,891.0,455.0,436.0
PUEBLO CITY 60,White,228.0,93.9,982.0,501.0,481.0
PUEBLO CITY 60,Two or More Races,20.0,85.0,929.0,489.0,440.0
PUEBLO COUNTY 70,Hispanic,233.0,98.7,917.0,464.0,453.0
PUEBLO COUNTY 70,White,394.0,99.0,974.0,494.0,479.0
PUEBLO COUNTY 70,Two or More Races,21.0,100.0,1037.0,536.0,500.0
MEEKER RE1,White,39.0,97.4,1029.0,506.0,523.0
DEL NORTE C-7,Hispanic,19.0,100.0,918.0,463.0,455.0
MONTE VISTA C-8,Hispanic,56.0,82.1,851.0,432.0,418.0
MONTE VISTA C-8,White,28.0,78.6,958.0,493.0,465.0
SARGENT RE-33J,White,18.0,100.0,1053.0,550.0,503.0
HAYDEN RE-1,White,17.0,100.0,932.0,484.0,449.0
STEAMBOAT SPRINGS RE-2,Hispanic,23.0,73.9,937.0,468.0,469.0
STEAMBOAT SPRINGS RE-2,White,156.0,91.0,1101.0,553.0,548.0
SOUTH ROUTT RE 3,White,23.0,100.0,1030.0,522.0,508.0
CENTER 26 JT,Hispanic,39.0,100.0,855.0,431.0,424.0
TELLURIDE R-1,White,54.0,94.4,1157.0,578.0,579.0
JULESBURG RE-1,Hispanic,27.0,81.5,893.0,456.0,436.0
JULESBURG RE-1,White,50.0,62.0,998.0,522.0,476.0
SUMMIT RE-1,Hispanic,74.0,97.3,871.0,432.0,439.0
SUMMIT RE-1,White,177.0,97.2,1087.0,543.0,544.0
WOODLAND PARK RE-2,Hispanic,20.0,90.0,929.0,470.0,459.0
WOODLAND PARK RE-2,White,128.0,93.8,971.0,494.0,477.0
WELD COUNTY RE-1,Hispanic,75.0,98.7,862.0,438.0,424.0
WELD COUNTY RE-1,White,46.0,95.7,938.0,466.0,472.0
EATON RE-2,Hispanic,33.0,100.0,933.0,484.0,449.0
EATON RE-2,White,95.0,97.9,1011.0,504.0,507.0
WELD COUNTY SCHOOL DISTRICT RE-3J,Hispanic,64.0,96.9,868.0,443.0,426.0
WELD COUNTY SCHOOL DISTRICT RE-3J,White,93.0,97.8,913.0,464.0,449.0
WINDSOR RE-4,Hispanic,60.0,98.3,962.0,484.0,477.0
WINDSOR RE-4,White,342.0,98.2,1021.0,516.0,505.0
JOHNSTOWN-MILLIKEN RE-5J,Hispanic,86.0,95.3,938.0,470.0,469.0
JOHNSTOWN-MILLIKEN RE-5J,White,168.0,90.5,999.0,498.0,500.0
GREELEY 6,Asian,35.0,97.1,867.0,426.0,441.0
GREELEY 6,Black,44.0,95.5,774.0,396.0,377.0
GREELEY 6,Hispanic,916.0,93.8,870.0,442.0,429.0
GREELEY 6,White,456.0,97.6,1005.0,514.0,491.0
GREELEY 6,Two or More Races,20.0,95.0,960.0,488.0,472.0
PLATTE VALLEY RE-7,Hispanic,28.0,100.0,881.0,436.0,445.0
PLATTE VALLEY RE-7,White,54.0,100.0,992.0,491.0,501.0
WELD COUNTY S/D RE-8,Hispanic,107.0,86.9,877.0,440.0,436.0
WELD COUNTY S/D RE-8,White,36.0,94.4,959.0,480.0,479.0
AULT-HIGHLAND RE-9,White,43.0,93.0,1029.0,522.0,507.0
PRAIRIE RE-11,White,16.0,100.0,1013.0,501.0,511.0
YUMA 1,Hispanic,26.0,96.2,835.0,404.0,431.0
YUMA 1,White,17.0,100.0,1006.0,499.0,507.0
WRAY RD-2,White,25.0,100.0,1000.0,518.0,482.0
CHARTER SCHOOL INSTITUTE,Asian,65.0,86.2,1066.0,530.0,536.0
CHARTER SCHOOL INSTITUTE,Black,33.0,81.8,886.0,449.0,437.0
CHARTER SCHOOL INSTITUTE,Hispanic,416.0,92.3,922.0,470.0,452.0
CHARTER SCHOOL INSTITUTE,White,633.0,91.5,1111.0,566.0,545.0
CHARTER SCHOOL INSTITUTE,Two or More Races,48.0,95.8,1139.0,574.0,565.0
EDUCATION REENVISIONED BOCES,Hispanic,72.0,40.3,859.0,447.0,412.0
EDUCATION REENVISIONED BOCES,White,180.0,54.4,961.0,498.0,463.0
COLORADO RIVER BOCES,Hispanic,20.0,100.0,788.0,399.0,389.0
COLORADO RIVER BOCES,White,24.0,100.0,847.0,439.0,408.0
MAPLETON 1,Hispanic,81.0,96.3,901.0,455.0,446.0
MAPLETON 1,Hispanic,43.0,100.0,881.0,443.0,438.0
MAPLETON 1,Hispanic,51.0,100.0,851.0,440.0,411.0
MAPLETON 1,Hispanic,76.0,97.4,863.0,440.0,423.0
MAPLETON 1,Hispanic,65.0,92.3,896.0,455.0,441.0
MAPLETON 1,Hispanic,33.0,97.0,817.0,411.0,406.0
MAPLETON 1,Hispanic,48.0,64.6,945.0,498.0,447.0
MAPLETON 1,White,200.0,70.0,976.0,509.0,467.0
MAPLETON 1,Two or More Races,32.0,68.8,952.0,498.0,454.0
ADAMS 12 FIVE STAR SCHOOLS,Hispanic,111.0,64.9,775.0,388.0,387.0
ADAMS 12 FIVE STAR SCHOOLS,White,41.0,75.6,775.0,401.0,373.0
ADAMS 12 FIVE STAR SCHOOLS,Asian,17.0,94.1,1254.0,627.0,628.0
ADAMS 12 FIVE STAR SCHOOLS,White,50.0,98.0,1206.0,613.0,592.0
ADAMS 12 FIVE STAR SCHOOLS,Asian,38.0,100.0,1035.0,510.0,526.0
ADAMS 12 FIVE STAR SCHOOLS,Hispanic,143.0,95.1,952.0,476.0,476.0
ADAMS 12 FIVE STAR SCHOOLS,White,294.0,95.6,1052.0,525.0,527.0
ADAMS 12 FIVE STAR SCHOOLS,Hispanic,95.0,52.6,760.0,391.0,369.0
ADAMS 12 FIVE STAR SCHOOLS,Asian,45.0,97.8,1156.0,568.0,589.0
ADAMS 12 FIVE STAR SCHOOLS,Hispanic,123.0,88.6,937.0,466.0,471.0
ADAMS 12 FIVE STAR SCHOOLS,White,391.0,95.9,1138.0,566.0,572.0
ADAMS 12 FIVE STAR SCHOOLS,Asian,31.0,96.8,924.0,459.0,465.0
ADAMS 12 FIVE STAR SCHOOLS,Black,20.0,100.0,918.0,467.0,452.0
ADAMS 12 FIVE STAR SCHOOLS,Hispanic,287.0,96.2,842.0,424.0,419.0
ADAMS 12 FIVE STAR SCHOOLS,White,88.0,95.5,886.0,448.0,437.0
ADAMS 12 FIVE STAR SCHOOLS,Asian,26.0,100.0,1047.0,518.0,529.0
ADAMS 12 FIVE STAR SCHOOLS,Hispanic,174.0,91.4,929.0,473.0,456.0
ADAMS 12 FIVE STAR SCHOOLS,White,276.0,94.6,986.0,498.0,488.0
ADAMS 12 FIVE STAR SCHOOLS,Asian,27.0,100.0,972.0,473.0,499.0
ADAMS 12 FIVE STAR SCHOOLS,Hispanic,286.0,93.0,865.0,434.0,431.0
ADAMS 12 FIVE STAR SCHOOLS,White,133.0,96.2,995.0,507.0,488.0
ADAMS 12 FIVE STAR SCHOOLS,White,70.0,98.6,1208.0,601.0,607.0
ADAMS 12 FIVE STAR SCHOOLS,Hispanic,26.0,100.0,805.0,410.0,394.0
ADAMS 12 FIVE STAR SCHOOLS,White,33.0,81.8,891.0,456.0,435.0
ADAMS COUNTY 14,Hispanic,48.0,87.5,762.0,391.0,371.0
ADAMS COUNTY 14,Hispanic,327.0,94.5,841.0,430.0,411.0
ADAMS COUNTY 14,White,24.0,79.2,885.0,464.0,421.0
SCHOOL DISTRICT 27J,Hispanic,33.0,63.6,770.0,389.0,380.0
SCHOOL DISTRICT 27J,Hispanic,226.0,94.2,897.0,455.0,442.0
SCHOOL DISTRICT 27J,White,205.0,93.2,985.0,496.0,488.0
SCHOOL DISTRICT 27J,Hispanic,41.0,100.0,981.0,493.0,488.0
SCHOOL DISTRICT 27J,White,67.0,100.0,1080.0,549.0,531.0
SCHOOL DISTRICT 27J,Asian,30.0,100.0,996.0,489.0,506.0
SCHOOL DISTRICT 27J,Hispanic,202.0,96.0,886.0,450.0,436.0
SCHOOL DISTRICT 27J,White,206.0,96.6,949.0,478.0,471.0
SCHOOL DISTRICT 27J,Two or More Races,16.0,100.0,848.0,417.0,431.0
BENNETT 29J,Hispanic,31.0,93.5,900.0,459.0,442.0
BENNETT 29J,White,66.0,98.5,962.0,495.0,468.0
STRASBURG 31J,White,68.0,91.2,1004.0,511.0,494.0
WESTMINSTER PUBLIC SCHOOLS,Hispanic,68.0,97.1,777.0,402.0,375.0
WESTMINSTER PUBLIC SCHOOLS,White,21.0,100.0,805.0,415.0,390.0
WESTMINSTER PUBLIC SCHOOLS,Hispanic,374.0,97.1,858.0,435.0,423.0
WESTMINSTER PUBLIC SCHOOLS,White,66.0,95.5,927.0,479.0,447.0
ALAMOSA RE-11J,Hispanic,85.0,96.5,892.0,449.0,443.0
ALAMOSA RE-11J,White,43.0,95.3,1057.0,534.0,522.0
ENGLEWOOD 1,Hispanic,30.0,63.3,868.0,437.0,431.0
ENGLEWOOD 1,White,63.0,63.5,971.0,498.0,474.0
ENGLEWOOD 1,Hispanic,59.0,98.3,883.0,454.0,429.0
ENGLEWOOD 1,White,55.0,96.4,995.0,512.0,483.0
SHERIDAN 2,Hispanic,66.0,100.0,866.0,437.0,430.0
SHERIDAN 2,Hispanic,17.0,94.1,729.0,374.0,355.0
CHERRY CREEK 5,Asian,68.0,95.6,1163.0,571.0,592.0
CHERRY CREEK 5,Black,69.0,94.2,986.0,496.0,491.0
CHERRY CREEK 5,Hispanic,111.0,92.8,1022.0,513.0,509.0
CHERRY CREEK 5,White,422.0,94.1,1097.0,554.0,543.0
CHERRY CREEK 5,Asian,116.0,94.8,1263.0,607.0,656.0
CHERRY CREEK 5,Black,27.0,74.1,1009.0,504.0,506.0
CHERRY CREEK 5,Hispanic,115.0,86.1,1065.0,524.0,541.0
CHERRY CREEK 5,White,635.0,85.5,1202.0,593.0,609.0
CHERRY CREEK 5,Two or More Races,34.0,94.1,1204.0,606.0,598.0
CHERRY CREEK 5,Asian,49.0,95.9,1090.0,532.0,558.0
CHERRY CREEK 5,Black,91.0,93.4,917.0,462.0,456.0
CHERRY CREEK 5,Hispanic,152.0,96.1,946.0,480.0,466.0
CHERRY CREEK 5,White,351.0,92.9,1027.0,513.0,514.0
CHERRY CREEK 5,Two or More Races,54.0,92.6,993.0,499.0,494.0
CHERRY CREEK 5,Asian,70.0,97.1,1156.0,565.0,592.0
CHERRY CREEK 5,Black,47.0,97.9,949.0,486.0,463.0
CHERRY CREEK 5,Hispanic,135.0,94.1,1017.0,512.0,505.0
CHERRY CREEK 5,White,372.0,93.3,1130.0,566.0,564.0
CHERRY CREEK 5,Two or More Races,39.0,87.2,1089.0,551.0,538.0
CHERRY CREEK 5,Black,155.0,96.1,943.0,471.0,472.0
CHERRY CREEK 5,Hispanic,200.0,90.0,926.0,457.0,470.0
CHERRY CREEK 5,White,115.0,93.9,1057.0,523.0,533.0
CHERRY CREEK 5,Two or More Races,31.0,90.3,967.0,494.0,473.0
CHERRY CREEK 5,Asian,44.0,100.0,1159.0,568.0,591.0
CHERRY CREEK 5,Black,95.0,89.5,926.0,460.0,466.0
CHERRY CREEK 5,Hispanic,119.0,84.0,957.0,484.0,473.0
CHERRY CREEK 5,White,206.0,94.7,1053.0,529.0,525.0
LITTLETON 6,Hispanic,44.0,93.2,1066.0,537.0,529.0
LITTLETON 6,White,441.0,93.4,1132.0,564.0,568.0
LITTLETON 6,Two or More Races,26.0,92.3,1121.0,549.0,573.0
LITTLETON 6,Hispanic,58.0,98.3,1034.0,519.0,515.0
LITTLETON 6,White,298.0,96.6,1097.0,553.0,545.0
LITTLETON 6,Hispanic,91.0,83.5,949.0,477.0,472.0
LITTLETON 6,White,156.0,96.2,1076.0,545.0,531.0
ADAMS-ARAPAHOE 28J,Asian,39.0,100.0,748.0,376.0,372.0
ADAMS-ARAPAHOE 28J,Black,84.0,97.6,784.0,396.0,388.0
ADAMS-ARAPAHOE 28J,Hispanic,274.0,95.6,810.0,408.0,402.0
ADAMS-ARAPAHOE 28J,Black,83.0,89.2,810.0,406.0,404.0
ADAMS-ARAPAHOE 28J,Hispanic,203.0,89.2,806.0,410.0,396.0
ADAMS-ARAPAHOE 28J,White,33.0,93.9,877.0,437.0,440.0
ADAMS-ARAPAHOE 28J,Asian,17.0,100.0,883.0,428.0,455.0
ADAMS-ARAPAHOE 28J,Black,69.0,92.8,823.0,410.0,413.0
ADAMS-ARAPAHOE 28J,Hispanic,323.0,93.8,843.0,420.0,423.0
ADAMS-ARAPAHOE 28J,White,29.0,86.2,946.0,485.0,461.0
ADAMS-ARAPAHOE 28J,Black,23.0,100.0,967.0,478.0,489.0
ADAMS-ARAPAHOE 28J,Hispanic,17.0,94.1,1029.0,506.0,523.0
ADAMS-ARAPAHOE 28J,Asian,28.0,96.4,1069.0,518.0,551.0
ADAMS-ARAPAHOE 28J,Black,116.0,94.8,916.0,459.0,457.0
ADAMS-ARAPAHOE 28J,Hispanic,206.0,85.9,910.0,457.0,453.0
ADAMS-ARAPAHOE 28J,White,136.0,93.4,1006.0,503.0,503.0
ADAMS-ARAPAHOE 28J,Two or More Races,37.0,83.8,951.0,475.0,476.0
ADAMS-ARAPAHOE 28J,Hispanic,53.0,96.2,846.0,431.0,415.0
ADAMS-ARAPAHOE 28J,White,18.0,100.0,1011.0,520.0,491.0
ADAMS-ARAPAHOE 28J,Black,55.0,96.4,941.0,470.0,471.0
ADAMS-ARAPAHOE 28J,Hispanic,173.0,92.5,897.0,446.0,450.0
ADAMS-ARAPAHOE 28J,White,65.0,95.4,1036.0,505.0,530.0
ADAMS-ARAPAHOE 28J,Two or More Races,16.0,100.0,1068.0,530.0,538.0
ADAMS-ARAPAHOE 28J,Hispanic,57.0,100.0,899.0,446.0,452.0
BYERS 32J,White,22.0,100.0,909.0,454.0,455.0
ARCHULETA COUNTY 50 JT,Hispanic,21.0,100.0,861.0,437.0,425.0
ARCHULETA COUNTY 50 JT,White,65.0,90.8,1026.0,532.0,494.0
LAS ANIMAS RE-1,Hispanic,240.0,55.4,761.0,397.0,364.0
LAS ANIMAS RE-1,White,94.0,70.2,782.0,397.0,385.0
LAS ANIMAS RE-1,Hispanic,20.0,100.0,884.0,468.0,416.0
MC CLAVE RE-2,White,20.0,90.0,903.0,457.0,447.0
ST VRAIN VALLEY RE 1J,Hispanic,32.0,96.9,992.0,505.0,487.0
ST VRAIN VALLEY RE 1J,White,236.0,97.9,1076.0,544.0,533.0
ST VRAIN VALLEY RE 1J,Hispanic,75.0,100.0,912.0,467.0,445.0
ST VRAIN VALLEY RE 1J,White,167.0,98.8,971.0,498.0,473.0
ST VRAIN VALLEY RE 1J,Hispanic,121.0,97.5,871.0,443.0,428.0
ST VRAIN VALLEY RE 1J,White,177.0,97.7,1063.0,542.0,522.0
ST VRAIN VALLEY RE 1J,White,39.0,100.0,1119.0,560.0,559.0
ST VRAIN VALLEY RE 1J,Hispanic,52.0,94.2,955.0,478.0,477.0
ST VRAIN VALLEY RE 1J,White,200.0,96.5,1031.0,518.0,512.0
ST VRAIN VALLEY RE 1J,Asian,30.0,90.0,1242.0,598.0,644.0
ST VRAIN VALLEY RE 1J,Hispanic,97.0,94.8,878.0,452.0,426.0
ST VRAIN VALLEY RE 1J,White,171.0,93.6,1185.0,598.0,587.0
ST VRAIN VALLEY RE 1J,Hispanic,22.0,100.0,737.0,383.0,355.0
ST VRAIN VALLEY RE 1J,White,16.0,100.0,829.0,441.0,389.0
ST VRAIN VALLEY RE 1J,Asian,23.0,100.0,1070.0,557.0,513.0
ST VRAIN VALLEY RE 1J,Hispanic,46.0,100.0,919.0,475.0,444.0
ST VRAIN VALLEY RE 1J,White,253.0,94.5,1125.0,573.0,552.0
ST VRAIN VALLEY RE 1J,White,36.0,86.1,1060.0,554.0,506.0
ST VRAIN VALLEY RE 1J,Hispanic,183.0,98.4,830.0,420.0,410.0
ST VRAIN VALLEY RE 1J,White,122.0,95.1,1032.0,523.0,508.0
ST VRAIN VALLEY RE 1J,White,19.0,100.0,1066.0,535.0,531.0
BOULDER VALLEY RE 2,Hispanic,41.0,82.9,762.0,400.0,362.0
BOULDER VALLEY RE 2,Asian,32.0,93.8,1128.0,551.0,578.0
BOULDER VALLEY RE 2,Hispanic,98.0,85.7,955.0,477.0,477.0
BOULDER VALLEY RE 2,White,316.0,82.9,1202.0,607.0,595.0
BOULDER VALLEY RE 2,Hispanic,71.0,98.6,943.0,472.0,472.0
BOULDER VALLEY RE 2,White,295.0,94.9,1103.0,546.0,557.0
BOULDER VALLEY RE 2,Hispanic,95.0,90.5,925.0,461.0,464.0
BOULDER VALLEY RE 2,White,188.0,95.2,1129.0,566.0,563.0
BOULDER VALLEY RE 2,Asian,64.0,79.7,1285.0,618.0,667.0
BOULDER VALLEY RE 2,Hispanic,56.0,85.7,997.0,495.0,502.0
BOULDER VALLEY RE 2,White,362.0,87.0,1238.0,615.0,623.0
BOULDER VALLEY RE 2,Two or More Races,35.0,94.3,1246.0,614.0,632.0
BOULDER VALLEY RE 2,Asian,24.0,91.7,1203.0,590.0,613.0
BOULDER VALLEY RE 2,Hispanic,41.0,87.8,1084.0,546.0,538.0
BOULDER VALLEY RE 2,White,308.0,91.9,1174.0,585.0,590.0
BOULDER VALLEY RE 2,Two or More Races,24.0,95.8,1142.0,563.0,579.0
BOULDER VALLEY RE 2,White,64.0,90.6,1073.0,572.0,501.0
BOULDER VALLEY RE 2,White,25.0,92.0,1104.0,560.0,544.0
BOULDER VALLEY RE 2,Asian,26.0,100.0,1347.0,658.0,689.0
BOULDER VALLEY RE 2,Hispanic,16.0,100.0,1103.0,555.0,548.0
BOULDER VALLEY RE 2,White,88.0,97.7,1220.0,621.0,599.0
BUENA VISTA R-31,White,54.0,94.4,1060.0,530.0,530.0
SALIDA R-32,White,63.0,98.4,1052.0,534.0,518.0
CLEAR CREEK RE-1,White,38.0,97.4,969.0,508.0,461.0
NORTH CONEJOS RE-1J,Hispanic,32.0,100.0,945.0,461.0,484.0
SANFORD 6J,White,21.0,100.0,1049.0,533.0,516.0
CROWLEY COUNTY RE-1-J,White,16.0,100.0,916.0,464.0,452.0
CUSTER COUNTY SCHOOL DISTRICT C-1,White,27.0,100.0,983.0,497.0,486.0
DELTA COUNTY 50(J),White,45.0,100.0,1032.0,524.0,508.0
DELTA COUNTY 50(J),Hispanic,38.0,97.4,916.0,459.0,457.0
DELTA COUNTY 50(J),White,87.0,98.9,959.0,487.0,472.0
DELTA COUNTY 50(J),White,21.0,95.2,930.0,489.0,442.0
DELTA COUNTY 50(J),White,35.0,100.0,995.0,505.0,490.0
DELTA COUNTY 50(J),White,34.0,100.0,1024.0,530.0,494.0
DENVER COUNTY 1,Hispanic,167.0,93.4,833.0,414.0,419.0
DENVER COUNTY 1,Hispanic,26.0,100.0,793.0,407.0,387.0
DENVER COUNTY 1,Black,17.0,100.0,852.0,435.0,416.0
DENVER COUNTY 1,Hispanic,42.0,100.0,896.0,447.0,449.0
DENVER COUNTY 1,Hispanic,93.0,98.9,933.0,465.0,468.0
DENVER COUNTY 1,Hispanic,22.0,72.7,769.0,380.0,389.0
DENVER COUNTY 1,Black,21.0,76.2,754.0,403.0,352.0
DENVER COUNTY 1,Hispanic,36.0,80.6,789.0,400.0,388.0
DENVER COUNTY 1,Black,31.0,96.8,1055.0,510.0,545.0
DENVER COUNTY 1,Hispanic,72.0,98.6,1047.0,499.0,549.0
DENVER COUNTY 1,Hispanic,57.0,100.0,991.0,470.0,521.0
DENVER COUNTY 1,Hispanic,38.0,100.0,1021.0,527.0,494.0
DENVER COUNTY 1,White,29.0,93.1,1241.0,650.0,592.0
DENVER COUNTY 1,Hispanic,23.0,100.0,1154.0,592.0,562.0
DENVER COUNTY 1,White,116.0,92.2,1220.0,633.0,588.0
DENVER COUNTY 1,Two or More Races,18.0,100.0,1187.0,609.0,578.0
DENVER COUNTY 1,Black,35.0,100.0,1043.0,505.0,539.0
DENVER COUNTY 1,Hispanic,49.0,98.0,1103.0,530.0,573.0
DENVER COUNTY 1,White,36.0,100.0,1278.0,613.0,665.0
DENVER COUNTY 1,Hispanic,103.0,94.2,825.0,407.0,418.0
DENVER COUNTY 1,Hispanic,24.0,100.0,1175.0,580.0,595.0
DENVER COUNTY 1,White,55.0,90.9,1259.0,610.0,649.0
DENVER COUNTY 1,Hispanic,17.0,100.0,1014.0,512.0,502.0
DENVER COUNTY 1,White,23.0,95.7,1110.0,563.0,547.0
DENVER COUNTY 1,Hispanic,113.0,98.2,952.0,470.0,482.0
DENVER COUNTY 1,Black,83.0,97.6,910.0,462.0,448.0
DENVER COUNTY 1,Hispanic,123.0,95.1,1013.0,503.0,510.0
DENVER COUNTY 1,White,309.0,90.6,1214.0,612.0,602.0
DENVER COUNTY 1,Two or More Races,40.0,95.0,1096.0,565.0,531.0
DENVER COUNTY 1,Hispanic,58.0,74.1,769.0,392.0,377.0
DENVER COUNTY 1,Hispanic,40.0,90.0,841.0,432.0,410.0
DENVER COUNTY 1,Hispanic,58.0,100.0,833.0,423.0,409.0
DENVER COUNTY 1,Hispanic,22.0,77.3,822.0,401.0,421.0
DENVER COUNTY 1,Black,53.0,92.5,904.0,460.0,444.0
DENVER COUNTY 1,Hispanic,75.0,97.3,927.0,467.0,460.0
DENVER COUNTY 1,White,91.0,96.7,1205.0,608.0,597.0
DENVER COUNTY 1,Hispanic,19.0,94.7,813.0,409.0,404.0
DENVER COUNTY 1,Asian,19.0,100.0,1003.0,493.0,509.0
DENVER COUNTY 1,Hispanic,155.0,95.5,865.0,439.0,426.0
DENVER COUNTY 1,White,23.0,82.6,954.0,497.0,457.0
DENVER COUNTY 1,Hispanic,23.0,73.9,758.0,385.0,372.0
DENVER COUNTY 1,Black,19.0,94.7,987.0,493.0,493.0
DENVER COUNTY 1,Hispanic,79.0,98.7,991.0,491.0,500.0
DENVER COUNTY 1,Hispanic,107.0,97.2,970.0,486.0,484.0
DENVER COUNTY 1,Hispanic,49.0,95.9,841.0,434.0,407.0
DENVER COUNTY 1,Black,31.0,96.8,854.0,429.0,426.0
DENVER COUNTY 1,Hispanic,40.0,92.5,875.0,435.0,440.0
DENVER COUNTY 1,Black,27.0,88.9,830.0,426.0,404.0
DENVER COUNTY 1,Hispanic,98.0,94.9,897.0,447.0,450.0
DENVER COUNTY 1,Black,20.0,95.0,764.0,392.0,373.0
DENVER COUNTY 1,Hispanic,17.0,94.1,787.0,403.0,384.0
DENVER COUNTY 1,Hispanic,42.0,97.6,831.0,412.0,420.0
DENVER COUNTY 1,Hispanic,19.0,94.7,799.0,409.0,390.0
DENVER COUNTY 1,Hispanic,152.0,96.1,885.0,447.0,438.0
DENVER COUNTY 1,White,34.0,88.2,1068.0,558.0,510.0
DENVER COUNTY 1,Hispanic,62.0,100.0,855.0,427.0,428.0
DENVER COUNTY 1,Black,37.0,94.6,908.0,464.0,443.0
DENVER COUNTY 1,Hispanic,72.0,97.2,934.0,476.0,458.0
DENVER COUNTY 1,White,57.0,98.2,1102.0,564.0,538.0
DENVER COUNTY 1,White,29.0,86.2,1020.0,544.0,476.0
DENVER COUNTY 1,Hispanic,95.0,100.0,963.0,475.0,488.0
DENVER COUNTY 1,Asian,21.0,100.0,964.0,467.0,497.0
DENVER COUNTY 1,Black,56.0,91.1,823.0,417.0,406.0
DENVER COUNTY 1,Hispanic,106.0,95.3,918.0,460.0,458.0
DENVER COUNTY 1,White,139.0,98.6,1091.0,548.0,542.0
DENVER COUNTY 1,Hispanic,36.0,91.7,786.0,394.0,392.0
DENVER COUNTY 1,Hispanic,47.0,100.0,942.0,464.0,478.0
DENVER COUNTY 1,Black,40.0,100.0,915.0,466.0,449.0
DENVER COUNTY 1,Hispanic,82.0,100.0,955.0,480.0,475.0
DENVER COUNTY 1,White,100.0,94.0,1127.0,564.0,563.0
DENVER COUNTY 1,Two or More Races,21.0,100.0,1065.0,534.0,531.0
DENVER COUNTY 1,Hispanic,45.0,93.3,783.0,393.0,390.0
DENVER COUNTY 1,Hispanic,91.0,98.9,918.0,447.0,472.0
DENVER COUNTY 1,Hispanic,46.0,100.0,850.0,425.0,425.0
DENVER COUNTY 1,Hispanic,74.0,97.3,869.0,433.0,437.0
DOUGLAS COUNTY RE 1,White,43.0,95.3,895.0,465.0,430.0
DOUGLAS COUNTY RE 1,Hispanic,71.0,95.8,984.0,501.0,484.0
DOUGLAS COUNTY RE 1,White,367.0,94.0,1055.0,540.0,516.0
DOUGLAS COUNTY RE 1,Two or More Races,29.0,89.7,1100.0,557.0,543.0
DOUGLAS COUNTY RE 1,Asian,22.0,95.5,1145.0,547.0,598.0
DOUGLAS COUNTY RE 1,Hispanic,65.0,96.9,1028.0,516.0,512.0
DOUGLAS COUNTY RE 1,White,363.0,97.8,1094.0,547.0,547.0
DOUGLAS COUNTY RE 1,Two or More Races,24.0,95.8,1084.0,553.0,531.0
DOUGLAS COUNTY RE 1,Hispanic,72.0,88.9,998.0,503.0,494.0
DOUGLAS COUNTY RE 1,White,319.0,88.7,1070.0,536.0,534.0
DOUGLAS COUNTY RE 1,White,37.0,81.1,873.0,448.0,425.0
DOUGLAS COUNTY RE 1,Asian,26.0,96.2,1186.0,573.0,613.0
DOUGLAS COUNTY RE 1,Hispanic,62.0,96.8,993.0,495.0,498.0
DOUGLAS COUNTY RE 1,White,268.0,94.0,1113.0,553.0,561.0
DOUGLAS COUNTY RE 1,Two or More Races,20.0,95.0,1092.0,549.0,543.0
DOUGLAS COUNTY RE 1,Hispanic,84.0,96.4,775.0,401.0,374.0
DOUGLAS COUNTY RE 1,White,34.0,94.1,888.0,459.0,429.0
DOUGLAS COUNTY RE 1,Asian,20.0,95.0,1167.0,570.0,597.0
DOUGLAS COUNTY RE 1,Hispanic,52.0,96.2,1017.0,520.0,497.0
DOUGLAS COUNTY RE 1,White,428.0,97.0,1084.0,548.0,536.0
DOUGLAS COUNTY RE 1,Two or More Races,24.0,87.5,1040.0,535.0,505.0
DOUGLAS COUNTY RE 1,White,83.0,96.4,1231.0,623.0,608.0
DOUGLAS COUNTY RE 1,Asian,24.0,100.0,1243.0,615.0,628.0
DOUGLAS COUNTY RE 1,Hispanic,58.0,96.6,1063.0,523.0,539.0
DOUGLAS COUNTY RE 1,White,455.0,95.2,1124.0,561.0,564.0
DOUGLAS COUNTY RE 1,Two or More Races,27.0,92.6,1145.0,572.0,573.0
DOUGLAS COUNTY RE 1,White,67.0,98.5,1188.0,594.0,595.0
DOUGLAS COUNTY RE 1,Hispanic,35.0,97.1,1005.0,506.0,499.0
DOUGLAS COUNTY RE 1,White,277.0,95.3,1047.0,525.0,522.0
DOUGLAS COUNTY RE 1,Two or More Races,16.0,100.0,1098.0,549.0,549.0
DOUGLAS COUNTY RE 1,White,34.0,88.2,952.0,503.0,449.0
DOUGLAS COUNTY RE 1,Asian,59.0,96.6,1246.0,608.0,639.0
DOUGLAS COUNTY RE 1,Hispanic,49.0,93.9,1142.0,572.0,570.0
DOUGLAS COUNTY RE 1,White,415.0,97.6,1150.0,575.0,575.0
DOUGLAS COUNTY RE 1,Two or More Races,21.0,95.2,1105.0,555.0,550.0
DOUGLAS COUNTY RE 1,Asian,26.0,92.3,1176.0,580.0,596.0
DOUGLAS COUNTY RE 1,Hispanic,65.0,93.8,1040.0,523.0,517.0
DOUGLAS COUNTY RE 1,White,396.0,94.9,1119.0,557.0,562.0
DOUGLAS COUNTY RE 1,Two or More Races,35.0,97.1,1125.0,551.0,574.0
EAGLE COUNTY RE 50,Hispanic,34.0,76.5,782.0,394.0,388.0
EAGLE COUNTY RE 50,Hispanic,108.0,97.2,877.0,443.0,434.0
EAGLE COUNTY RE 50,White,118.0,93.2,1103.0,557.0,546.0
EAGLE COUNTY RE 50,Hispanic,106.0,93.4,899.0,456.0,443.0
EAGLE COUNTY RE 50,White,105.0,97.1,1053.0,537.0,516.0
ELIZABETH SCHOOL DISTRICT,White,162.0,87.0,1009.0,510.0,499.0
BIG SANDY 100J,White,19.0,94.7,1024.0,505.0,519.0
CALHAN RJ-1,White,26.0,96.2,910.0,465.0,445.0
HARRISON 2,Hispanic,67.0,100.0,980.0,495.0,485.0
HARRISON 2,Black,54.0,98.1,877.0,452.0,425.0
HARRISON 2,Hispanic,123.0,93.5,909.0,463.0,446.0
HARRISON 2,White,41.0,100.0,917.0,475.0,441.0
HARRISON 2,Hispanic,40.0,100.0,1039.0,518.0,521.0
HARRISON 2,White,27.0,100.0,1155.0,591.0,564.0
HARRISON 2,Black,46.0,95.7,841.0,431.0,411.0
HARRISON 2,Hispanic,72.0,97.2,899.0,462.0,437.0
HARRISON 2,White,23.0,95.7,911.0,466.0,445.0
WIDEFIELD 3,Hispanic,93.0,94.6,926.0,468.0,458.0
WIDEFIELD 3,White,144.0,97.2,992.0,504.0,488.0
WIDEFIELD 3,Two or More Races,29.0,93.1,897.0,451.0,446.0
WIDEFIELD 3,Black,38.0,100.0,919.0,467.0,452.0
WIDEFIELD 3,Hispanic,83.0,96.4,894.0,453.0,441.0
WIDEFIELD 3,White,130.0,94.6,975.0,494.0,480.0
WIDEFIELD 3,Two or More Races,32.0,100.0,936.0,477.0,460.0
FOUNTAIN 8,Black,60.0,95.0,956.0,484.0,472.0
FOUNTAIN 8,Hispanic,106.0,98.1,965.0,494.0,472.0
FOUNTAIN 8,White,193.0,98.4,1023.0,518.0,504.0
FOUNTAIN 8,Two or More Races,44.0,97.7,950.0,489.0,462.0
COLORADO SPRINGS 11,White,40.0,77.5,956.0,506.0,450.0
COLORADO SPRINGS 11,White,23.0,100.0,846.0,437.0,409.0
COLORADO SPRINGS 11,White,23.0,100.0,1037.0,535.0,502.0
COLORADO SPRINGS 11,Hispanic,82.0,93.9,933.0,474.0,460.0
COLORADO SPRINGS 11,White,191.0,95.3,1040.0,528.0,511.0
COLORADO SPRINGS 11,Two or More Races,18.0,100.0,987.0,504.0,483.0
COLORADO SPRINGS 11,Hispanic,28.0,57.1,858.0,437.0,421.0
COLORADO SPRINGS 11,White,25.0,64.0,856.0,456.0,400.0
COLORADO SPRINGS 11,Black,40.0,100.0,877.0,436.0,441.0
COLORADO SPRINGS 11,Hispanic,117.0,95.7,939.0,468.0,471.0
COLORADO SPRINGS 11,White,255.0,95.7,1011.0,508.0,503.0
COLORADO SPRINGS 11,Two or More Races,46.0,95.7,955.0,484.0,471.0
COLORADO SPRINGS 11,White,22.0,100.0,875.0,449.0,426.0
COLORADO SPRINGS 11,Black,33.0,93.9,841.0,441.0,400.0
COLORADO SPRINGS 11,Hispanic,148.0,92.6,831.0,421.0,410.0
COLORADO SPRINGS 11,White,89.0,95.5,891.0,453.0,438.0
COLORADO SPRINGS 11,Two or More Races,22.0,90.9,894.0,454.0,440.0
COLORADO SPRINGS 11,Black,27.0,96.3,936.0,485.0,451.0
COLORADO SPRINGS 11,Hispanic,126.0,93.7,937.0,481.0,456.0
COLORADO SPRINGS 11,White,141.0,95.7,1017.0,517.0,500.0
COLORADO SPRINGS 11,Two or More Races,29.0,86.2,954.0,480.0,474.0
CHEYENNE MOUNTAIN 12,Hispanic,38.0,97.4,1091.0,548.0,544.0
CHEYENNE MOUNTAIN 12,White,236.0,98.7,1151.0,573.0,578.0
CHEYENNE MOUNTAIN 12,Two or More Races,16.0,100.0,1179.0,589.0,590.0
CHEYENNE MOUNTAIN 12,White,29.0,96.6,1249.0,626.0,623.0
MANITOU SPRINGS 14,White,101.0,94.1,1074.0,549.0,525.0
ACADEMY 20,Asian,16.0,100.0,1146.0,563.0,584.0
ACADEMY 20,Hispanic,39.0,94.9,1041.0,516.0,525.0
ACADEMY 20,White,243.0,96.3,1106.0,559.0,547.0
ACADEMY 20,Two or More Races,25.0,100.0,1140.0,579.0,561.0
ACADEMY 20,White,37.0,81.1,1056.0,557.0,499.0
ACADEMY 20,White,18.0,100.0,932.0,479.0,453.0
ACADEMY 20,White,112.0,98.2,1151.0,576.0,575.0
ACADEMY 20,Hispanic,42.0,97.6,1024.0,524.0,500.0
ACADEMY 20,White,199.0,97.0,1114.0,558.0,556.0
ACADEMY 20,Black,21.0,100.0,946.0,489.0,457.0
ACADEMY 20,Hispanic,43.0,97.7,984.0,497.0,486.0
ACADEMY 20,White,232.0,98.7,1066.0,543.0,523.0
ACADEMY 20,Two or More Races,27.0,100.0,1024.0,524.0,499.0
ACADEMY 20,Asian,22.0,100.0,1210.0,597.0,613.0
ACADEMY 20,Hispanic,56.0,98.2,1011.0,515.0,496.0
ACADEMY 20,White,293.0,97.3,1104.0,560.0,544.0
ACADEMY 20,Two or More Races,31.0,100.0,1152.0,572.0,580.0
ACADEMY 20,Asian,30.0,100.0,1164.0,566.0,598.0
ACADEMY 20,Black,20.0,100.0,943.0,487.0,456.0
ACADEMY 20,Hispanic,76.0,85.5,998.0,507.0,491.0
ACADEMY 20,White,259.0,94.2,1063.0,538.0,525.0
ACADEMY 20,Two or More Races,26.0,92.3,1043.0,538.0,506.0
ACADEMY 20,White,66.0,80.3,1169.0,596.0,574.0
ELLICOTT 22,Hispanic,21.0,100.0,887.0,440.0,447.0
ELLICOTT 22,White,36.0,97.2,957.0,480.0,477.0
PEYTON 23 JT,White,46.0,100.0,1017.0,518.0,499.0
LEWIS-PALMER 38,Hispanic,33.0,84.8,1056.0,521.0,535.0
LEWIS-PALMER 38,White,229.0,91.7,1108.0,562.0,546.0
LEWIS-PALMER 38,Hispanic,23.0,95.7,1075.0,540.0,535.0
LEWIS-PALMER 38,White,225.0,94.7,1142.0,567.0,575.0
DISTRICT 49,White,50.0,90.0,1000.0,515.0,486.0
DISTRICT 49,Hispanic,50.0,96.0,935.0,491.0,444.0
DISTRICT 49,White,178.0,96.6,987.0,517.0,470.0
DISTRICT 49,Black,28.0,60.7,824.0,436.0,388.0
DISTRICT 49,Hispanic,405.0,77.5,798.0,415.0,383.0
DISTRICT 49,White,387.0,79.1,846.0,440.0,407.0
DISTRICT 49,Two or More Races,30.0,86.7,851.0,446.0,405.0
DISTRICT 49,White,19.0,100.0,782.0,395.0,387.0
DISTRICT 49,Asian,18.0,100.0,1021.0,501.0,520.0
DISTRICT 49,Black,29.0,93.1,922.0,482.0,440.0
DISTRICT 49,Hispanic,75.0,94.7,911.0,467.0,445.0
DISTRICT 49,White,98.0,92.9,976.0,498.0,478.0
DISTRICT 49,Two or More Races,27.0,88.9,952.0,487.0,465.0
DISTRICT 49,Asian,20.0,95.0,1108.0,560.0,548.0
DISTRICT 49,Black,35.0,94.3,951.0,481.0,470.0
DISTRICT 49,Hispanic,102.0,91.2,949.0,483.0,466.0
DISTRICT 49,White,205.0,94.6,996.0,510.0,486.0
DISTRICT 49,Two or More Races,33.0,97.0,993.0,520.0,473.0
CANON CITY RE-1,Hispanic,31.0,96.8,925.0,462.0,463.0
CANON CITY RE-1,White,180.0,96.7,933.0,480.0,452.0
FREMONT RE-2,White,65.0,93.8,902.0,463.0,439.0
COTOPAXI RE-3,White,19.0,100.0,982.0,489.0,493.0
ROARING FORK RE-1,Hispanic,65.0,90.8,898.0,443.0,455.0
ROARING FORK RE-1,White,46.0,100.0,1124.0,544.0,580.0
ROARING FORK RE-1,Hispanic,112.0,92.0,903.0,447.0,456.0
ROARING FORK RE-1,White,91.0,98.9,1147.0,568.0,578.0
ROARING FORK RE-1,Hispanic,37.0,97.3,930.0,468.0,462.0
ROARING FORK RE-1,White,34.0,97.1,1135.0,578.0,557.0
GARFIELD RE-2,White,61.0,98.4,1058.0,530.0,527.0
GARFIELD RE-2,Hispanic,106.0,99.1,883.0,439.0,443.0
GARFIELD RE-2,White,74.0,97.3,978.0,492.0,487.0
GARFIELD 16,Hispanic,29.0,100.0,871.0,438.0,433.0
GARFIELD 16,White,56.0,100.0,944.0,474.0,470.0
GILPIN COUNTY RE-1,White,30.0,93.3,1015.0,523.0,493.0
WEST GRAND 1-JT,White,26.0,80.8,921.0,480.0,441.0
EAST GRAND 2,White,75.0,97.3,1068.0,540.0,528.0
GUNNISON WATERSHED RE1J,White,45.0,100.0,1123.0,556.0,567.0
GUNNISON WATERSHED RE1J,Hispanic,16.0,100.0,885.0,446.0,439.0
GUNNISON WATERSHED RE1J,White,95.0,96.8,1004.0,513.0,491.0
JEFFERSON COUNTY R-1,Hispanic,20.0,90.0,772.0,399.0,373.0
JEFFERSON COUNTY R-1,White,70.0,91.4,790.0,406.0,384.0
JEFFERSON COUNTY R-1,Hispanic,121.0,95.9,847.0,431.0,416.0
JEFFERSON COUNTY R-1,White,22.0,77.3,912.0,461.0,452.0
JEFFERSON COUNTY R-1,Hispanic,67.0,95.5,856.0,430.0,426.0
JEFFERSON COUNTY R-1,White,64.0,96.9,921.0,474.0,447.0
JEFFERSON COUNTY R-1,Hispanic,58.0,94.8,958.0,490.0,468.0
JEFFERSON COUNTY R-1,White,327.0,96.9,1044.0,529.0,515.0
JEFFERSON COUNTY R-1,Asian,24.0,100.0,1082.0,512.0,570.0
JEFFERSON COUNTY R-1,Hispanic,140.0,95.7,961.0,483.0,479.0
JEFFERSON COUNTY R-1,White,156.0,97.4,1036.0,519.0,518.0
JEFFERSON COUNTY R-1,Hispanic,39.0,66.7,771.0,395.0,376.0
JEFFERSON COUNTY R-1,White,19.0,100.0,1091.0,562.0,528.0
JEFFERSON COUNTY R-1,Hispanic,55.0,98.2,1066.0,531.0,535.0
JEFFERSON COUNTY R-1,White,335.0,98.5,1129.0,560.0,569.0
JEFFERSON COUNTY R-1,Two or More Races,18.0,100.0,1188.0,584.0,604.0
JEFFERSON COUNTY R-1,Asian,25.0,100.0,1026.0,501.0,525.0
JEFFERSON COUNTY R-1,Hispanic,88.0,98.9,991.0,500.0,492.0
JEFFERSON COUNTY R-1,White,283.0,97.5,1075.0,539.0,536.0
JEFFERSON COUNTY R-1,White,25.0,100.0,1039.0,549.0,490.0
JEFFERSON COUNTY R-1,White,190.0,97.9,1110.0,555.0,555.0
JEFFERSON COUNTY R-1,Hispanic,60.0,95.0,1058.0,531.0,527.0
JEFFERSON COUNTY R-1,White,257.0,96.5,1093.0,549.0,545.0
JEFFERSON COUNTY R-1,White,101.0,98.0,1285.0,623.0,663.0
JEFFERSON COUNTY R-1,White,241.0,95.4,1171.0,583.0,587.0
JEFFERSON COUNTY R-1,Hispanic,40.0,97.5,1012.0,513.0,499.0
JEFFERSON COUNTY R-1,White,246.0,95.1,1074.0,543.0,531.0
JEFFERSON COUNTY R-1,Hispanic,64.0,95.3,1007.0,503.0,504.0
JEFFERSON COUNTY R-1,White,189.0,98.4,1061.0,533.0,528.0
JEFFERSON COUNTY R-1,White,20.0,100.0,1202.0,607.0,595.0
JEFFERSON COUNTY R-1,White,67.0,32.8,947.0,486.0,461.0
JEFFERSON COUNTY R-1,Hispanic,17.0,100.0,1072.0,542.0,530.0
JEFFERSON COUNTY R-1,White,72.0,100.0,1198.0,593.0,604.0
JEFFERSON COUNTY R-1,Hispanic,60.0,100.0,798.0,410.0,388.0
JEFFERSON COUNTY R-1,Asian,34.0,100.0,1180.0,586.0,594.0
JEFFERSON COUNTY R-1,Hispanic,148.0,95.9,961.0,481.0,480.0
JEFFERSON COUNTY R-1,White,236.0,96.6,1155.0,584.0,570.0
JEFFERSON COUNTY R-1,Hispanic,47.0,63.8,774.0,396.0,378.0
JEFFERSON COUNTY R-1,White,41.0,97.6,909.0,483.0,426.0
JEFFERSON COUNTY R-1,Hispanic,129.0,96.1,928.0,468.0,460.0
JEFFERSON COUNTY R-1,White,182.0,98.4,976.0,495.0,481.0
JEFFERSON COUNTY R-1,Hispanic,43.0,95.3,1044.0,509.0,536.0
JEFFERSON COUNTY R-1,White,348.0,96.3,1144.0,569.0,575.0
JEFFERSON COUNTY R-1,White,19.0,89.5,1035.0,518.0,517.0
JEFFERSON COUNTY R-1,Asian,24.0,95.8,1145.0,555.0,590.0
JEFFERSON COUNTY R-1,Hispanic,67.0,95.5,980.0,486.0,495.0
JEFFERSON COUNTY R-1,White,180.0,97.8,1080.0,542.0,539.0
JEFFERSON COUNTY R-1,White,26.0,96.2,1065.0,558.0,508.0
JEFFERSON COUNTY R-1,Hispanic,84.0,85.7,912.0,460.0,453.0
JEFFERSON COUNTY R-1,White,139.0,91.4,1060.0,536.0,524.0
BURLINGTON RE-6J,Hispanic,24.0,95.8,856.0,450.0,406.0
BURLINGTON RE-6J,White,16.0,100.0,821.0,413.0,408.0
LAKE COUNTY R-1,Hispanic,49.0,83.7,855.0,429.0,427.0
LAKE COUNTY R-1,White,28.0,82.1,1006.0,506.0,500.0
DURANGO 9-R,White,50.0,62.0,959.0,493.0,466.0
DURANGO 9-R,Hispanic,32.0,96.9,981.0,503.0,478.0
DURANGO 9-R,White,201.0,97.5,1073.0,546.0,527.0
BAYFIELD 10 JT-R,White,47.0,95.7,1059.0,537.0,521.0
IGNACIO 11 JT,American Indian or Alaska Native,20.0,95.0,830.0,427.0,403.0
IGNACIO 11 JT,Hispanic,16.0,100.0,878.0,457.0,421.0
IGNACIO 11 JT,White,17.0,94.1,873.0,433.0,440.0
POUDRE R-1,Asian,20.0,90.0,1212.0,605.0,607.0
POUDRE R-1,Hispanic,85.0,87.1,952.0,477.0,476.0
POUDRE R-1,White,282.0,90.4,1126.0,568.0,558.0
POUDRE R-1,Asian,27.0,100.0,1299.0,634.0,665.0
POUDRE R-1,Hispanic,34.0,85.3,1031.0,512.0,518.0
POUDRE R-1,White,370.0,94.1,1152.0,573.0,580.0
POUDRE R-1,Two or More Races,23.0,91.3,1168.0,573.0,595.0
POUDRE R-1,White,30.0,90.0,885.0,456.0,429.0
POUDRE R-1,White,67.0,98.5,1319.0,656.0,664.0
POUDRE R-1,White,39.0,94.9,1091.0,574.0,517.0
POUDRE R-1,Hispanic,100.0,95.0,905.0,458.0,447.0
POUDRE R-1,White,275.0,90.2,1049.0,527.0,522.0
POUDRE R-1,White,25.0,64.0,852.0,430.0,422.0
POUDRE R-1,White,16.0,100.0,1002.0,516.0,486.0
POUDRE R-1,Hispanic,72.0,86.1,967.0,482.0,485.0
POUDRE R-1,White,339.0,95.0,1091.0,550.0,541.0
POUDRE R-1,Two or More Races,19.0,89.5,1042.0,521.0,521.0
THOMPSON R2-J,Hispanic,19.0,100.0,1031.0,522.0,509.0
THOMPSON R2-J,White,151.0,96.0,1051.0,538.0,513.0
THOMPSON R2-J,Hispanic,60.0,86.7,911.0,473.0,438.0
THOMPSON R2-J,White,257.0,92.2,1047.0,540.0,506.0
THOMPSON R2-J,Hispanic,80.0,91.3,892.0,458.0,434.0
THOMPSON R2-J,White,167.0,92.2,992.0,507.0,485.0
THOMPSON R2-J,Hispanic,57.0,86.0,902.0,462.0,440.0
THOMPSON R2-J,White,232.0,88.8,1024.0,524.0,499.0
THOMPSON R2-J,White,20.0,80.0,819.0,436.0,383.0
ESTES PARK R-3,White,46.0,93.5,1037.0,531.0,505.0
TRINIDAD 1,Hispanic,39.0,97.4,911.0,480.0,431.0
LIMON RE-4J,White,20.0,100.0,1072.0,561.0,511.0
VALLEY RE-1,White,17.0,94.1,900.0,452.0,448.0
VALLEY RE-1,Hispanic,19.0,100.0,949.0,478.0,471.0
VALLEY RE-1,White,75.0,97.3,975.0,486.0,490.0
PLATEAU VALLEY 50,White,28.0,100.0,835.0,434.0,401.0
PLATEAU VALLEY 50,White,20.0,100.0,990.0,521.0,469.0
MESA COUNTY VALLEY 51,Hispanic,95.0,93.7,898.0,447.0,450.0
MESA COUNTY VALLEY 51,White,240.0,90.8,953.0,475.0,478.0
MESA COUNTY VALLEY 51,Hispanic,78.0,92.3,903.0,453.0,450.0
MESA COUNTY VALLEY 51,White,248.0,94.4,996.0,509.0,488.0
MESA COUNTY VALLEY 51,Two or More Races,16.0,100.0,933.0,474.0,458.0
MESA COUNTY VALLEY 51,Hispanic,20.0,80.0,837.0,432.0,405.0
MESA COUNTY VALLEY 51,White,43.0,81.4,923.0,482.0,442.0
MESA COUNTY VALLEY 51,Hispanic,60.0,91.7,954.0,495.0,459.0
MESA COUNTY VALLEY 51,White,323.0,91.0,1030.0,526.0,504.0
MESA COUNTY VALLEY 51,Hispanic,64.0,98.4,905.0,459.0,447.0
MESA COUNTY VALLEY 51,White,161.0,92.5,1034.0,515.0,519.0
MESA COUNTY VALLEY 51,White,49.0,79.6,793.0,408.0,385.0
MOFFAT COUNTY RE:NO 1,Hispanic,28.0,89.3,816.0,420.0,396.0
MOFFAT COUNTY RE:NO 1,White,85.0,88.2,925.0,472.0,453.0
MONTEZUMA-CORTEZ RE-1,American Indian or Alaska Native,33.0,78.8,804.0,413.0,390.0
MONTEZUMA-CORTEZ RE-1,White,94.0,97.9,985.0,502.0,483.0
DOLORES RE-4A,White,24.0,95.8,944.0,485.0,460.0
MANCOS RE-6,White,26.0,100.0,992.0,510.0,482.0
MONTROSE COUNTY RE-1J,Hispanic,104.0,100.0,920.0,464.0,456.0
MONTROSE COUNTY RE-1J,White,170.0,98.2,1025.0,522.0,503.0
MONTROSE COUNTY RE-1J,White,16.0,100.0,984.0,505.0,479.0
MONTROSE COUNTY RE-1J,Hispanic,32.0,100.0,845.0,428.0,417.0
MONTROSE COUNTY RE-1J,White,52.0,65.4,854.0,437.0,417.0
BRUSH RE-2(J),Hispanic,47.0,100.0,871.0,435.0,436.0
BRUSH RE-2(J),White,56.0,98.2,978.0,491.0,487.0
FORT MORGAN RE-3,Hispanic,119.0,95.0,844.0,428.0,416.0
FORT MORGAN RE-3,White,71.0,100.0,991.0,499.0,492.0
WIGGINS RE-50(J),White,23.0,95.7,947.0,485.0,462.0
EAST OTERO R-1,Hispanic,58.0,100.0,867.0,443.0,423.0
EAST OTERO R-1,White,33.0,97.0,945.0,478.0,468.0
ROCKY FORD R-2,Hispanic,36.0,100.0,902.0,472.0,430.0
RIDGWAY R-2,White,24.0,95.8,1081.0,558.0,523.0
PLATTE CANYON 1,White,46.0,100.0,1068.0,548.0,519.0
PARK COUNTY RE-2,White,19.0,89.5,921.0,456.0,465.0
HOLYOKE RE-1J,White,21.0,95.2,1036.0,530.0,506.0
ASPEN 1,White,122.0,84.4,1105.0,550.0,556.0
LAMAR RE-2,Hispanic,53.0,96.2,898.0,452.0,445.0
PUEBLO CITY 60,Hispanic,141.0,92.9,919.0,465.0,455.0
PUEBLO CITY 60,White,70.0,94.3,997.0,503.0,494.0
PUEBLO CITY 60,Hispanic,147.0,96.6,849.0,435.0,414.0
PUEBLO CITY 60,White,36.0,100.0,980.0,506.0,474.0
PUEBLO CITY 60,Hispanic,45.0,100.0,942.0,474.0,468.0
PUEBLO CITY 60,Hispanic,165.0,86.1,888.0,455.0,433.0
PUEBLO CITY 60,White,48.0,87.5,999.0,505.0,494.0
PUEBLO CITY 60,Hispanic,117.0,95.7,904.0,466.0,438.0
PUEBLO CITY 60,White,64.0,95.3,976.0,503.0,474.0
PUEBLO COUNTY 70,White,21.0,100.0,859.0,452.0,407.0
PUEBLO COUNTY 70,Hispanic,91.0,97.8,914.0,456.0,459.0
PUEBLO COUNTY 70,White,128.0,98.4,978.0,491.0,488.0
PUEBLO COUNTY 70,Hispanic,112.0,100.0,923.0,472.0,451.0
PUEBLO COUNTY 70,White,183.0,99.5,968.0,495.0,473.0
PUEBLO COUNTY 70,White,36.0,100.0,1055.0,530.0,525.0
PUEBLO COUNTY 70,White,26.0,96.2,966.0,492.0,474.0
MEEKER RE1,White,39.0,97.4,1029.0,506.0,523.0
DEL NORTE C-7,Hispanic,19.0,100.0,918.0,463.0,455.0
MONTE VISTA C-8,Hispanic,39.0,97.4,866.0,438.0,427.0
SARGENT RE-33J,White,18.0,100.0,1053.0,550.0,503.0
HAYDEN RE-1,White,17.0,100.0,932.0,484.0,449.0
STEAMBOAT SPRINGS RE-2,Hispanic,21.0,81.0,937.0,468.0,469.0
STEAMBOAT SPRINGS RE-2,White,146.0,93.2,1110.0,558.0,552.0
SOUTH ROUTT RE 3,White,23.0,100.0,1030.0,522.0,508.0
CENTER 26 JT,Hispanic,31.0,100.0,880.0,445.0,435.0
TELLURIDE R-1,White,54.0,94.4,1157.0,578.0,579.0
JULESBURG RE-1,Hispanic,21.0,81.0,898.0,461.0,438.0
JULESBURG RE-1,White,42.0,57.1,981.0,515.0,466.0
SUMMIT RE-1,Hispanic,69.0,97.1,871.0,431.0,440.0
SUMMIT RE-1,White,166.0,97.0,1099.0,549.0,551.0
WOODLAND PARK RE-2,Hispanic,20.0,90.0,929.0,470.0,459.0
WOODLAND PARK RE-2,White,127.0,93.7,972.0,495.0,478.0
WELD COUNTY RE-1,Hispanic,75.0,98.7,862.0,438.0,424.0
WELD COUNTY RE-1,White,46.0,95.7,938.0,466.0,472.0
EATON RE-2,Hispanic,33.0,100.0,933.0,484.0,449.0
EATON RE-2,White,95.0,97.9,1011.0,504.0,507.0
WELD COUNTY SCHOOL DISTRICT RE-3J,Hispanic,64.0,96.9,868.0,443.0,426.0
WELD COUNTY SCHOOL DISTRICT RE-3J,White,93.0,97.8,913.0,464.0,449.0
WINDSOR RE-4,White,45.0,100.0,1052.0,525.0,527.0
WINDSOR RE-4,Hispanic,55.0,98.2,953.0,482.0,472.0
WINDSOR RE-4,White,297.0,98.0,1016.0,515.0,501.0
JOHNSTOWN-MILLIKEN RE-5J,Hispanic,86.0,95.3,938.0,470.0,469.0
JOHNSTOWN-MILLIKEN RE-5J,White,168.0,90.5,999.0,498.0,500.0
GREELEY 6,Hispanic,16.0,100.0,901.0,458.0,443.0
GREELEY 6,White,64.0,98.4,1074.0,549.0,525.0
GREELEY 6,Hispanic,35.0,100.0,985.0,489.0,496.0
GREELEY 6,Hispanic,53.0,100.0,928.0,474.0,454.0
GREELEY 6,White,88.0,100.0,1019.0,518.0,501.0
GREELEY 6,Black,21.0,90.5,832.0,428.0,404.0
GREELEY 6,Hispanic,218.0,94.5,881.0,443.0,437.0
GREELEY 6,White,86.0,96.5,1017.0,524.0,494.0
GREELEY 6,Asian,18.0,100.0,822.0,408.0,413.0
GREELEY 6,Black,17.0,100.0,727.0,369.0,358.0
GREELEY 6,Hispanic,239.0,95.0,885.0,447.0,438.0
GREELEY 6,White,93.0,95.7,982.0,503.0,479.0
GREELEY 6,Hispanic,162.0,85.8,751.0,385.0,366.0
GREELEY 6,White,26.0,92.3,843.0,446.0,397.0
GREELEY 6,Hispanic,165.0,93.9,872.0,450.0,423.0
GREELEY 6,White,66.0,98.5,954.0,485.0,469.0
GREELEY 6,Hispanic,28.0,100.0,990.0,498.0,492.0
PLATTE VALLEY RE-7,Hispanic,28.0,100.0,881.0,436.0,445.0
PLATTE VALLEY RE-7,White,54.0,100.0,992.0,491.0,501.0
WELD COUNTY S/D RE-8,Hispanic,107.0,86.9,877.0,440.0,436.0
WELD COUNTY S/D RE-8,White,36.0,94.4,959.0,480.0,479.0
AULT-HIGHLAND RE-9,White,43.0,93.0,1029.0,522.0,507.0
PRAIRIE RE-11,White,16.0,100.0,1013.0,501.0,511.0
YUMA 1,Hispanic,26.0,96.2,835.0,404.0,431.0
YUMA 1,White,17.0,100.0,1006.0,499.0,507.0
WRAY RD-2,White,25.0,100.0,1000.0,518.0,482.0
CHARTER SCHOOL INSTITUTE,Hispanic,63.0,93.7,951.0,485.0,466.0
CHARTER SCHOOL INSTITUTE,White,60.0,91.7,1068.0,552.0,516.0
CHARTER SCHOOL INSTITUTE,White,54.0,96.3,1008.0,527.0,481.0
CHARTER SCHOOL INSTITUTE,White,22.0,100.0,1125.0,591.0,534.0
CHARTER SCHOOL INSTITUTE,Hispanic,38.0,94.7,883.0,450.0,432.0
CHARTER SCHOOL INSTITUTE,Hispanic,35.0,80.0,971.0,489.0,483.0
CHARTER SCHOOL INSTITUTE,White,94.0,93.6,1117.0,561.0,555.0
CHARTER SCHOOL INSTITUTE,Hispanic,27.0,85.2,1050.0,526.0,525.0
CHARTER SCHOOL INSTITUTE,White,185.0,85.9,1149.0,583.0,566.0
CHARTER SCHOOL INSTITUTE,White,99.0,88.9,1148.0,585.0,563.0
CHARTER SCHOOL INSTITUTE,Hispanic,25.0,100.0,902.0,472.0,430.0
CHARTER SCHOOL INSTITUTE,White,20.0,95.0,1177.0,599.0,578.0
CHARTER SCHOOL INSTITUTE,White,22.0,100.0,1040.0,525.0,515.0
CHARTER SCHOOL INSTITUTE,Hispanic,48.0,83.3,730.0,377.0,353.0
CHARTER SCHOOL INSTITUTE,Hispanic,21.0,76.2,754.0,391.0,363.0
CHARTER SCHOOL INSTITUTE,Hispanic,97.0,97.9,920.0,466.0,455.0
CHARTER SCHOOL INSTITUTE,White,23.0,95.7,1014.0,510.0,504.0
CHARTER SCHOOL INSTITUTE,White,27.0,100.0,1226.0,615.0,611.0
CHARTER SCHOOL INSTITUTE,Hispanic,19.0,100.0,1018.0,506.0,512.0
EDUCATION REENVISIONED BOCES,White,65.0,80.0,1043.0,544.0,500.0
EDUCATION REENVISIONED BOCES,Hispanic,51.0,33.3,796.0,410.0,386.0
EDUCATION REENVISIONED BOCES,White,115.0,40.0,869.0,447.0,422.0
COLORADO RIVER BOCES,Hispanic,20.0,100.0,788.0,399.0,389.0
COLORADO RIVER BOCES,White,24.0,100.0,847.0,439.0,408.0
